Generated Image Page URL,Image URL,Actual Product Page URL,Product Name,Price,Meta Description,Image Caption,Image View Name
hannay-reels-gh1100-portable-hose-reel-1.html,https://www.booyadirect.com/media/catalog/product/h/a/hannay-reels-gh1100-portable-hose-reel-1.jpg,https://www.booyadirect.com/hannay-reels-gh1100.html,Hannay GH1100 Portable Hose Reel. 1/2 in x 175 ft Capacity - 1100 Series,420,IN STOCK ready to ship. Buy Online or CALL 888-554-8666 to speak with a real person! Full line of Hannay Reels available and open till 8pm EST.,Hannay Reels 1100 Series Portable Hose Reel Model Number GH0100,Straight-On Front View
hannay-reels-gh1100-portable-hose-reel-2.html,https://www.booyadirect.com/media/catalog/product/h/a/hannay-reels-gh1100-portable-hose-reel-2.jpg,https://www.booyadirect.com/hannay-reels-gh1100.html,Hannay GH1100 Portable Hose Reel. 1/2 in x 175 ft Capacity - 1100 Series,420,IN STOCK ready to ship. Buy Online or CALL 888-554-8666 to speak with a real person! Full line of Hannay Reels available and open till 8pm EST.,Hannay Reels 1100 Series Portable Hose Reel Model Number GH0100,Right Quarter View
hannay-reels-gh1100-portable-hose-reel-3.html,https://www.booyadirect.com/media/catalog/product/h/a/hannay-reels-gh1100-portable-hose-reel-3.jpg,https://www.booyadirect.com/hannay-reels-gh1100.html,Hannay GH1100 Portable Hose Reel. 1/2 in x 175 ft Capacity - 1100 Series,420,IN STOCK ready to ship. Buy Online or CALL 888-554-8666 to speak with a real person! Full line of Hannay Reels available and open till 8pm EST.,Hannay Reels 1100 Series Portable Hose Reel Model Number GH0100,Straight-On Left View
hannay-reels-gh1100-portable-hose-reel-4.html,https://www.booyadirect.com/media/catalog/product/h/a/hannay-reels-gh1100-portable-hose-reel-4.jpg,https://www.booyadirect.com/hannay-reels-gh1100.html,Hannay GH1100 Portable Hose Reel. 1/2 in x 175 ft Capacity - 1100 Series,420,IN STOCK ready to ship. Buy Online or CALL 888-554-8666 to speak with a real person! Full line of Hannay Reels available and open till 8pm EST.,Hannay Reels 1100 Series Portable Hose Reel Model Number GH0100,Straight-On Right View
hannay-reels-gh1100-portable-hose-reel-5.html,https://www.booyadirect.com/media/catalog/product/h/a/hannay-reels-gh1100-portable-hose-reel-5.jpg,https://www.booyadirect.com/hannay-reels-gh1100.html,Hannay GH1100 Portable Hose Reel. 1/2 in x 175 ft Capacity - 1100 Series,420,IN STOCK ready to ship. Buy Online or CALL 888-554-8666 to speak with a real person! Full line of Hannay Reels available and open till 8pm EST.,Hannay Reels 1100 Series Portable Hose Reel Model Number GH0100,Swivel Joint Detail View
hannay-reels-gh1100-portable-hose-reel-6.html,https://www.booyadirect.com/media/catalog/product/h/a/hannay-reels-gh1100-portable-hose-reel-6.jpg,https://www.booyadirect.com/hannay-reels-gh1100.html,Hannay GH1100 Portable Hose Reel. 1/2 in x 175 ft Capacity - 1100 Series,420,IN STOCK ready to ship. Buy Online or CALL 888-554-8666 to speak with a real person! Full line of Hannay Reels available and open till 8pm EST.,Hannay Reels 1100 Series Portable Hose Reel Model Number GH0100,Left Quarter View
hannay-reels-gh1100-portable-hose-reel-7.html,https://www.booyadirect.com/media/catalog/product/h/a/hannay-reels-gh1100-portable-hose-reel-7.jpg,https://www.booyadirect.com/hannay-reels-gh1100.html,Hannay GH1100 Portable Hose Reel. 1/2 in x 175 ft Capacity - 1100 Series,420,IN STOCK ready to ship. Buy Online or CALL 888-554-8666 to speak with a real person! Full line of Hannay Reels available and open till 8pm EST.,Hannay Reels 1100 Series Portable Hose Reel Model Number GH0100,Riser Detail View
hannay-reels-gh1100-portable-hose-reel-8.html,https://www.booyadirect.com/media/catalog/product/h/a/hannay-reels-gh1100-portable-hose-reel-8.jpg,https://www.booyadirect.com/hannay-reels-gh1100.html,Hannay GH1100 Portable Hose Reel. 1/2 in x 175 ft Capacity - 1100 Series,420,IN STOCK ready to ship. Buy Online or CALL 888-554-8666 to speak with a real person! Full line of Hannay Reels available and open till 8pm EST.,Hannay Reels 1100 Series Portable Hose Reel Model Number GH0100,Crank Handle Detail View
hannay-reels-gh1100-portable-hose-reel-9.html,https://www.booyadirect.com/media/catalog/product/h/a/hannay-reels-gh1100-portable-hose-reel-9.jpg,https://www.booyadirect.com/hannay-reels-gh1100.html,Hannay GH1100 Portable Hose Reel. 1/2 in x 175 ft Capacity - 1100 Series,420,IN STOCK ready to ship. Buy Online or CALL 888-554-8666 to speak with a real person! Full line of Hannay Reels available and open till 8pm EST.,Hannay Reels 1100 Series Portable Hose Reel Model Number GH0100,Straight-On Left View Detail
hannay-reels-n716-19-20-10.5j-tr-n700-hose-reel-50ft-2750psi-hose-1.html,https://www.booyadirect.com/media/catalog/product/h/a/hannay-reels-n716-19-20-10.5j-tr-n700-hose-reel-50ft-2750psi-hose-1.jpg,https://www.booyadirect.com/hannay-reels-n716-19-20-105j-kit-50-12-2325.html,Hannay N716-19-20-10.5J N700 Spring Hose Reel Kit with 50 ft x 1/2 in 2750psi Hose,629.99,IN STOCK ready to ship. Buy Online or CALL 888-554-8666 to speak with a real person! Full line of Hannay Reels available and open till 8pm EST.,Hannay N716-19-20-10.5J N700 Spring Hose Reel Kit with 50 ft x 1/2 in 2750psi Hose,Left Quarter View
hannay-reels-n716-19-20-10.5j-tr-n700-hose-reel-50ft-2750psi-hose-2.html,https://www.booyadirect.com/media/catalog/product/h/a/hannay-reels-n716-19-20-10.5j-tr-n700-hose-reel-50ft-2750psi-hose-2.jpg,https://www.booyadirect.com/hannay-reels-n716-19-20-105j-kit-50-12-2325.html,Hannay N716-19-20-10.5J N700 Spring Hose Reel Kit with 50 ft x 1/2 in 2750psi Hose,629.99,IN STOCK ready to ship. Buy Online or CALL 888-554-8666 to speak with a real person! Full line of Hannay Reels available and open till 8pm EST.,Hannay N716-19-20-10.5J N700 Spring Hose Reel Kit with 50 ft x 1/2 in 2750psi Hose,Left Quarter View
hannay-reels-n716-19-20-10.5j-tr-n700-hose-reel-50ft-2750psi-hose-3.html,https://www.booyadirect.com/media/catalog/product/h/a/hannay-reels-n716-19-20-10.5j-tr-n700-hose-reel-50ft-2750psi-hose-3.jpg,https://www.booyadirect.com/hannay-reels-n716-19-20-105j-kit-50-12-2325.html,Hannay N716-19-20-10.5J N700 Spring Hose Reel Kit with 50 ft x 1/2 in 2750psi Hose,629.99,IN STOCK ready to ship. Buy Online or CALL 888-554-8666 to speak with a real person! Full line of Hannay Reels available and open till 8pm EST.,Hannay N716-19-20-10.5J N700 Spring Hose Reel Kit with 50 ft x 1/2 in 2750psi Hose,Left Hero View
hannay-reels-n716-19-20-10.5j-tr-n700-hose-reel-50ft-2750psi-hose-4.html,https://www.booyadirect.com/media/catalog/product/h/a/hannay-reels-n716-19-20-10.5j-tr-n700-hose-reel-50ft-2750psi-hose-4.jpg,https://www.booyadirect.com/hannay-reels-n716-19-20-105j-kit-50-12-2325.html,Hannay N716-19-20-10.5J N700 Spring Hose Reel Kit with 50 ft x 1/2 in 2750psi Hose,629.99,IN STOCK ready to ship. Buy Online or CALL 888-554-8666 to speak with a real person! Full line of Hannay Reels available and open till 8pm EST.,Hannay N716-19-20-10.5J N700 Spring Hose Reel Kit with 50 ft x 1/2 in 2750psi Hose,Straight-On Front View
hannay-reels-n716-19-20-10.5j-tr-n700-hose-reel-50ft-2750psi-hose-5.html,https://www.booyadirect.com/media/catalog/product/h/a/hannay-reels-n716-19-20-10.5j-tr-n700-hose-reel-50ft-2750psi-hose-5.jpg,https://www.booyadirect.com/hannay-reels-n716-19-20-105j-kit-50-12-2325.html,Hannay N716-19-20-10.5J N700 Spring Hose Reel Kit with 50 ft x 1/2 in 2750psi Hose,629.99,IN STOCK ready to ship. Buy Online or CALL 888-554-8666 to speak with a real person! Full line of Hannay Reels available and open till 8pm EST.,Hannay N716-19-20-10.5J N700 Spring Hose Reel Kit with 50 ft x 1/2 in 2750psi Hose,Straight-On Front View
hannay-reels-n716-19-20-10.5j-tr-n700-hose-reel-50ft-2750psi-hose-6.html,https://www.booyadirect.com/media/catalog/product/h/a/hannay-reels-n716-19-20-10.5j-tr-n700-hose-reel-50ft-2750psi-hose-6.jpg,https://www.booyadirect.com/hannay-reels-n716-19-20-105j-kit-50-12-2325.html,Hannay N716-19-20-10.5J N700 Spring Hose Reel Kit with 50 ft x 1/2 in 2750psi Hose,629.99,IN STOCK ready to ship. Buy Online or CALL 888-554-8666 to speak with a real person! Full line of Hannay Reels available and open till 8pm EST.,Hannay N716-19-20-10.5J N700 Spring Hose Reel Kit with 50 ft x 1/2 in 2750psi Hose,Straight-On Right View
hannay-reels-n716-19-20-10.5j-tr-n700-hose-reel-50ft-2750psi-hose-7.html,https://www.booyadirect.com/media/catalog/product/h/a/hannay-reels-n716-19-20-10.5j-tr-n700-hose-reel-50ft-2750psi-hose-7.jpg,https://www.booyadirect.com/hannay-reels-n716-19-20-105j-kit-50-12-2325.html,Hannay N716-19-20-10.5J N700 Spring Hose Reel Kit with 50 ft x 1/2 in 2750psi Hose,629.99,IN STOCK ready to ship. Buy Online or CALL 888-554-8666 to speak with a real person! Full line of Hannay Reels available and open till 8pm EST.,Hannay N716-19-20-10.5J N700 Spring Hose Reel Kit with 50 ft x 1/2 in 2750psi Hose,Right Quarter View
hannay-reels-n716-19-20-10.5j-tr-n700-hose-reel-50ft-2750psi-hose-8.html,https://www.booyadirect.com/media/catalog/product/h/a/hannay-reels-n716-19-20-10.5j-tr-n700-hose-reel-50ft-2750psi-hose-8.jpg,https://www.booyadirect.com/hannay-reels-n716-19-20-105j-kit-50-12-2325.html,Hannay N716-19-20-10.5J N700 Spring Hose Reel Kit with 50 ft x 1/2 in 2750psi Hose,629.99,IN STOCK ready to ship. Buy Online or CALL 888-554-8666 to speak with a real person! Full line of Hannay Reels available and open till 8pm EST.,Hannay N716-19-20-10.5J N700 Spring Hose Reel Kit with 50 ft x 1/2 in 2750psi Hose,Straight-On Back View